Teste,Bucket,Estados expandidos,Episódios de busca,Custo da trajetória,% Sol. Ótima,Ações por Episódio de Busca,Tempo Total Busca,Tempo Médio Episódio de Busca,Tempo Médio Busca por Ação,Tempo máximo de planejamento,Fifty,Ninety
1,0,3.0,3,3.0,0.0,1.0,0.00070103,4.7676e-05,4.7676e-05,7.2642e-05,3.6015e-05,7.2642e-05
2,0,2.0,2,2.0,0.0,1.0,0.000496755,4.8471000000000004e-05,4.8471000000000004e-05,5.9832e-05,5.9832e-05,5.9832e-05
3,0,1.0,1,1.0,0.0,1.0,0.000292257,5.9405e-05,5.9405e-05,5.9405e-05,5.9405e-05,5.9405e-05
4,0,2.0,2,2.0,0.0,1.0,0.000480741,4.7047e-05,4.7047e-05,5.6836e-05,5.6836e-05,5.6836e-05
5,0,3.0,3,3.8284199999999995,0.0,1.0,0.000756114,5.3476999999999996e-05,5.3476999999999996e-05,5.8766e-05,5.5432e-05,5.8766e-05
6,0,1.0,1,1.41421,0.0,1.0,0.000296124,7.0633e-05,7.0633e-05,7.0633e-05,7.0633e-05,7.0633e-05
7,0,2.0,2,2.4142099999999997,0.0,1.0,0.000483128,5.3403000000000004e-05,5.3403000000000004e-05,6.1167e-05,6.1167e-05,6.1167e-05
8,0,3.0,3,3.0,0.0,1.0,0.000749448,4.701066666666667e-05,4.701066666666667e-05,6.0975e-05,4.5685e-05,6.0975e-05
9,0,3.0,3,3.4142099999999997,0.0,1.0,0.000719691,4.9928999999999996e-05,4.9928999999999996e-05,6.0225e-05,5.3862e-05,6.0225e-05
10,0,2.0,2,2.4142099999999997,0.0,1.0,0.000488261,5.19595e-05,5.19595e-05,5.9213e-05,5.9213e-05,5.9213e-05
11,5,20.0,20,21.656840000000003,0.0,1.0,0.004428478,3.88738e-05,3.88738e-05,6.0276e-05,3.6901e-05,5.0504e-05
12,5,18.0,18,20.071050000000003,0.0,1.0,0.004027949,4.1213277777777776e-05,4.1213277777777776e-05,6.1144e-05,4.1811e-05,5.5876e-05
13,5,19.0,19,22.313680000000005,0.0,1.0,0.00418005,3.95788947368421e-05,3.95788947368421e-05,5.8962e-05,4.122e-05,4.7311e-05
14,5,22.0,22,24.071050000000003,0.10784061045936336,1.0,0.004742894,3.768522727272727e-05,3.768522727272727e-05,5.312e-05,3.5282e-05,4.7371e-05
15,5,22.0,22,23.656840000000003,0.052102484734471134,1.0,0.005161413,3.9797e-05,3.9797e-05,5.8242e-05,4.0888e-05,4.8072e-05
16,5,22.0,22,24.071050000000003,0.05116050568789727,1.0,0.005176399,3.801304545454546e-05,3.801304545454546e-05,5.9676e-05,3.6408e-05,4.5729e-05
17,5,24.0,24,24.41421,0.024584529385103582,1.0,0.005851801,4.203779166666666e-05,4.203779166666666e-05,5.889e-05,4.1592e-05,5.2039e-05
18,5,18.0,18,21.31368,0.02826046053869421,1.0,0.003917496,4.072933333333333e-05,4.072933333333333e-05,6.164e-05,4.1794e-05,4.9826e-05
19,5,32.0,32,34.07105,0.4507393986876898,1.0,0.007464692,3.8937406250000006e-05,3.8937406250000006e-05,7.1218e-05,4.0002e-05,4.8723e-05
20,5,21.0,21,21.41421,4.669798544713985e-07,1.0,0.004493566,3.7538666666666674e-05,3.7538666666666674e-05,6.0865e-05,3.3947e-05,4.5236e-05
21,10,52.0,52,52.0,0.2440489006914041,1.0,0.011108172,3.484938461538461e-05,3.484938461538461e-05,6.9858e-05,3.3171e-05,4.1104e-05
22,10,39.0,39,40.65683999999999,0.0,1.0,0.008425515,3.49435641025641e-05,3.49435641025641e-05,5.8635e-05,3.3134e-05,4.3949e-05
23,10,40.0,40,45.79893999999997,0.09833543173015745,1.0,0.008622777,3.9901825000000007e-05,3.9901825000000007e-05,6.1481e-05,4.176e-05,5.2707e-05
24,10,72.0,72,78.62735999999998,0.8401877929877196,1.0,0.015423741,3.6950375e-05,3.6950375e-05,5.921e-05,3.6142e-05,4.5932e-05
25,10,42.0,42,46.55630999999997,0.05880542908215877,1.0,0.009221665,3.8256095238095236e-05,3.8256095238095236e-05,5.8327e-05,3.6761e-05,4.8874e-05
26,10,90.0,90,95.79893999999999,1.3325145905515066,1.0,0.020438975,3.7803800000000006e-05,3.7803800000000006e-05,6.1599e-05,3.8474e-05,4.587e-05
27,10,42.0,42,42.41421,2.357700957714329e-07,1.0,0.008797266,3.590121428571428e-05,3.590121428571428e-05,6.043e-05,3.4709e-05,4.2861e-05
28,10,92.0,92,99.04156999999998,1.3086882131493367,1.0,0.020353667,3.774185869565216e-05,3.774185869565216e-05,5.9958e-05,3.8531e-05,4.5033e-05
29,10,47.0,47,48.65683999999999,0.14335221812046603,1.0,0.010173635,3.5086553191489364e-05,3.5086553191489364e-05,5.8968e-05,3.2076e-05,4.154e-05
30,10,44.0,44,48.14209999999997,0.10528442498559268,1.0,0.009645186,3.8796136363636365e-05,3.8796136363636365e-05,5.4875e-05,4.0107e-05,4.8506e-05
31,15,61.0,61,63.89946999999998,0.038065478269486294,1.0,0.014150446,4.0318098360655744e-05,4.0318098360655744e-05,6.0093e-05,4.059e-05,4.9852e-05
32,15,212.0,212,215.31367999999998,2.49783336555316,1.0,0.051972416,4.2330891509433946e-05,4.2330891509433946e-05,0.000105803,3.8515e-05,7.7432e-05
33,15,197.0,197,203.62735999999995,2.335878482870697,1.0,0.041203972,3.77125888324873e-05,3.77125888324873e-05,6.9078e-05,3.8753e-05,4.6083e-05
34,15,62.0,62,63.65683999999999,0.028390213168119047,1.0,0.014703315,4.152590322580646e-05,4.152590322580646e-05,6.0204e-05,4.1277e-05,4.9638e-05
35,15,225.0,225,230.38472999999996,2.6167999246450067,1.0,0.052118615,3.708206666666665e-05,3.708206666666665e-05,6.0196e-05,3.8287e-05,4.5067e-05
36,15,75.0,75,82.45577999999995,0.3327242076544235,1.0,0.017851697,3.8019306666666666e-05,3.8019306666666666e-05,5.6624e-05,3.7974e-05,4.3666e-05
37,15,94.0,94,95.65683999999999,0.5453572322878211,1.0,0.021194446,3.742120212765958e-05,3.742120212765958e-05,5.9021e-05,3.8673e-05,4.6729e-05
38,15,63.0,63,65.89946999999998,0.05633856323976323,1.0,0.014168027,3.827561904761904e-05,3.827561904761904e-05,5.6005e-05,4.102e-05,4.9372e-05
39,15,62.0,62,62.828419999999994,0.03873866873438657,1.0,0.014399443,3.944154838709676e-05,3.944154838709676e-05,5.9487e-05,3.9768e-05,4.8169e-05
40,15,242.0,242,251.52682999999993,2.9682515366460085,1.0,0.057627847,3.695057024793386e-05,3.695057024793386e-05,6.011e-05,3.8404e-05,4.6144e-05
41,20,99.0,99,102.72788999999997,0.24692770996591576,1.0,0.021458183,3.818498989898989e-05,3.818498989898989e-05,5.9997e-05,4.0129e-05,4.7183e-05
42,20,250.0,250,255.38472999999996,2.141870324281564,1.0,0.053743874,3.760864399999997e-05,3.760864399999997e-05,5.9571e-05,3.8299e-05,4.7243e-05
43,20,371.0,371,377.62736000000007,3.56077198999988,1.0,0.084592218,3.547631536388142e-05,3.547631536388142e-05,6.0704e-05,3.7826e-05,4.1942e-05
44,20,228.0,228,235.86998999999994,1.8238805702115122,1.0,0.048017049,3.6574429824561406e-05,3.6574429824561406e-05,5.8079e-05,3.7448e-05,4.525e-05
45,20,10469.0,10469,10717.940210000099,130.25578132405346,1.0,2.227309064,3.720730279873921e-05,3.720730279873921e-05,0.010623794,3.4006e-05,3.984e-05
46,20,295.0,295,301.6273600000003,2.6428865082911663,1.0,0.066821373,3.6723335593220375e-05,3.6723335593220375e-05,6.0698e-05,3.8233e-05,4.2297e-05
47,20,296.0,296,299.7278900000001,2.6093703637694854,1.0,0.06845842,3.676187500000002e-05,3.676187500000002e-05,5.6519e-05,3.796e-05,4.2834e-05
48,20,229.0,229,232.72788999999997,1.7933928033444675,1.0,0.049426657,3.661703056768558e-05,3.661703056768558e-05,5.902e-05,3.837e-05,4.4086e-05
49,20,223.0,223,227.97051999999996,1.8385010278445644,1.0,0.047791985,3.696460089686097e-05,3.696460089686097e-05,6.0413e-05,3.8733e-05,4.4349e-05
50,20,123.0,123,126.31367999999998,0.5236965241044876,1.0,0.02533509,3.5229682926829275e-05,3.5229682926829275e-05,6.0016e-05,3.3058e-05,4.1329e-05
51,25,312.0,312,319.45578000000023,2.0836095291414916,1.0,0.066810492,3.716099679487179e-05,3.716099679487179e-05,5.9202e-05,3.8086e-05,4.6133e-05
52,25,403.0,403,414.59788000000015,3.0562147672018254,1.0,0.091435789,3.5605339950372176e-05,3.5605339950372176e-05,5.9599e-05,3.74e-05,4.1866e-05
53,25,145.0,145,149.97051999999996,0.46030614033379397,1.0,0.032947122,3.5973268965517226e-05,3.5973268965517226e-05,5.912e-05,3.6487e-05,4.3724e-05
54,25,103.0,103,104.24262999999999,0.028906468997374483,1.0,0.022638234,4.0972864077669916e-05,4.0972864077669916e-05,5.9994e-05,4.0363e-05,4.9345e-05
55,25,351.0,351,355.14210000000014,2.5353000318547436,1.0,0.07496646,3.765915669515671e-05,3.765915669515671e-05,5.7499e-05,3.898e-05,4.6489e-05
56,25,520.0,520,535.3257700000005,4.2980519981789795,1.0,0.116148037,3.5774951923076944e-05,3.5774951923076944e-05,6.929e-05,3.7508e-05,4.4532e-05
57,25,1097.0,1097,1123.0952299999997,9.866385080547623,1.0,0.24548067,3.544972743846856e-05,3.544972743846856e-05,7.2157e-05,3.7559e-05,4.1932e-05
58,25,1105.0,1105,1123.6394500000001,9.938005704384397,1.0,0.235383277,3.8000098642533935e-05,3.8000098642533935e-05,7.0443e-05,3.8764e-05,4.6653e-05
59,25,280.0,280,285.79894000000013,1.8074827847031907,1.0,0.058811287,3.6062717857142864e-05,3.6062717857142864e-05,6.9828e-05,3.7581e-05,4.1741e-05
60,25,158.0,158,163.38473,0.5766617773360224,1.0,0.035873461,3.6151063291139236e-05,3.6151063291139236e-05,5.1823e-05,3.6779e-05,4.2368e-05
61,30,143.0,143,145.89946999999998,0.1954857344192981,1.0,0.030803089,3.831076223776223e-05,3.831076223776223e-05,5.7478e-05,4.0474e-05,4.9058e-05
62,30,124.0,124,127.31367999999998,0.058442353097668605,1.0,0.027204411,3.933754838709678e-05,3.933754838709678e-05,5.6354e-05,4.0531e-05,4.9731e-05
63,30,142.0,142,148.21314999999996,0.23394761599493774,1.0,0.029942984,3.851675352112676e-05,3.851675352112676e-05,6.6635e-05,4.0108e-05,4.8752e-05
64,30,1870.0,1870,1907.2788999999966,14.779588814428697,1.0,0.425110947,3.538424759358288e-05,3.538424759358288e-05,7.722e-05,3.7408e-05,4.2363e-05
65,30,744.0,744,767.1957600000009,5.36756243515791,1.0,0.157531492,3.656012768817197e-05,3.656012768817197e-05,5.9513e-05,3.7449e-05,4.494e-05
66,30,1568.0,1568,1585.8110299999994,11.816913148196038,1.0,0.362267739,3.928969387755098e-05,3.928969387755098e-05,0.004011627,3.7737e-05,4.512e-05
67,30,423.0,423,435.4263000000002,2.5151876967788827,1.0,0.097277833,3.600629787234043e-05,3.600629787234043e-05,5.9631e-05,3.7933e-05,4.3186e-05
68,30,669.0,669,687.6394500000005,4.59188304559612,1.0,0.139426,3.673697757847535e-05,3.673697757847535e-05,7.8966e-05,3.8142e-05,4.5623e-05
69,30,151.0,151,160.11261999999994,0.31118406721643016,1.0,0.033178365,3.908194039735099e-05,3.908194039735099e-05,6.2633e-05,4.0279e-05,4.9164e-05
70,30,204.0,204,206.48525999999998,0.6687026022304832,1.0,0.043466019,3.5782397058823555e-05,3.5782397058823555e-05,5.9862e-05,3.586e-05,4.4608e-05
71,35,465.0,465,481.1541900000004,2.345042025569903,1.0,0.098546517,3.617289892473119e-05,3.617289892473119e-05,8.0384e-05,3.7964e-05,4.332e-05
72,35,697.0,697,706.1126200000002,3.919719773979811,1.0,0.149312916,3.7832690100430434e-05,3.7832690100430434e-05,5.9765e-05,3.8069e-05,4.6784e-05
73,35,543.0,543,560.3968200000006,2.976109293959888,1.0,0.113123022,3.6038169429097626e-05,3.6038169429097626e-05,5.807e-05,3.7192e-05,4.4427e-05
74,35,2150.0,2150,2189.764159999996,14.528920659234647,1.0,0.468921814,3.584344837209302e-05,3.584344837209302e-05,9.8537e-05,3.7728e-05,4.3243e-05
75,35,190.0,190,197.86998999999997,0.4132359369196924,1.0,0.044781958,3.521656842105262e-05,3.521656842105262e-05,5.9089e-05,3.324e-05,4.2706e-05
76,35,1613.0,1613,1633.710499999999,10.440629836343385,1.0,0.378280384,3.9780417854928734e-05,3.9780417854928734e-05,0.004052798,3.8361e-05,4.5341e-05
77,35,276.0,276,280.1421,0.9555484974346448,1.0,0.062433813,3.588026811594204e-05,3.588026811594204e-05,5.8561e-05,3.7077e-05,4.2826e-05
78,35,687.0,687,708.1247100000008,4.0045210145798205,1.0,0.143605182,3.5952972343522583e-05,3.5952972343522583e-05,5.8386e-05,3.7319e-05,4.3634e-05
79,35,327.0,327,336.11262000000033,1.3627473199536069,1.0,0.075964746,3.7407311926605465e-05,3.7407311926605465e-05,5.936e-05,3.8472e-05,4.5914e-05
80,35,16134.0,16134,16436.373300000305,114.68149110027451,1.0,3.456537088,3.84632119747118e-05,3.84632119747118e-05,0.012991796,3.3455e-05,3.9619e-05
81,40,331.0,331,340.9410400000004,1.130721695872812,1.0,0.068017844,3.3418797583081575e-05,3.3418797583081575e-05,5.5254e-05,3.2833e-05,4.0821e-05
82,40,338.0,338,340.89946999999995,1.0833937553093311,1.0,0.076762284,3.7370606508875745e-05,3.7370606508875745e-05,5.552e-05,3.8054e-05,4.6356e-05
83,40,352.0,352,359.45578000000023,1.2050878462935257,1.0,0.074592604,3.355859943181819e-05,3.355859943181819e-05,5.1587e-05,3.2933e-05,4.155e-05
84,40,383.0,383,399.1541900000003,1.4413548260824374,1.0,0.082397803,3.676063446475199e-05,3.676063446475199e-05,5.8343e-05,3.7784e-05,4.5243e-05
85,40,340.0,340,348.2842000000003,1.1644389479964221,1.0,0.070958295,3.755338235294117e-05,3.755338235294117e-05,5.9332e-05,3.8863e-05,4.3297e-05
86,40,407.0,407,415.28420000000006,1.5936944532923627,1.0,0.08691847,3.755246437346438e-05,3.755246437346438e-05,6.7127e-05,3.8441e-05,4.6108e-05
87,40,266.0,266,274.2842000000003,0.6907640622592097,1.0,0.060290863,3.7284661654135314e-05,3.7284661654135314e-05,5.9751e-05,3.887e-05,4.4101e-05
88,40,330.0,330,339.11262000000033,1.1011085707912809,1.0,0.073852878,3.592927272727269e-05,3.592927272727269e-05,5.769e-05,3.7201e-05,4.2558e-05
89,40,326.0,326,332.6273600000002,1.0778431188820812,1.0,0.069729898,3.6505990797546e-05,3.6505990797546e-05,7.1299e-05,3.7868e-05,4.2657e-05
90,40,554.0,554,560.6273600000003,2.4506940443656617,1.0,0.12949218,3.69489223826715e-05,3.69489223826715e-05,6.0362e-05,3.796e-05,4.2603e-05
91,45,7759.0,7759,7979.359719999961,42.791385466459374,1.0,1.688159067,3.8673304549555144e-05,3.8673304549555144e-05,0.010752619,3.4698e-05,4.0137e-05
92,45,3580.0,3580,3673.197249999987,19.355085173116922,1.0,0.784618611,3.7564859776536304e-05,3.7564859776536304e-05,0.00482515,3.6429e-05,4.1098e-05
93,45,4321.0,4321,4413.368829999989,23.276089692462495,1.0,0.925928207,3.821707382550332e-05,3.821707382550332e-05,0.008946306,3.5501e-05,4.1033e-05
94,45,226.0,226,228.48525999999998,0.2615618978206975,1.0,0.048676918,3.781260619469029e-05,3.781260619469029e-05,6.009e-05,3.9752e-05,4.5416e-05
95,45,2358.0,2358,2414.332559999996,12.167530528210282,1.0,0.543995918,3.5330743426632655e-05,3.5330743426632655e-05,0.000100627,3.7151e-05,4.215e-05
96,45,4748.0,4748,4849.067239999984,25.717065516234335,1.0,1.088391552,3.8430107624262654e-05,3.8430107624262654e-05,0.009134531,3.7275e-05,4.0777e-05
97,45,33213.0,33213,33957.3353699995,184.40318731777356,1.0,7.218929284,4.0234867310992564e-05,4.0234867310992564e-05,0.016852237,3.4183e-05,4.087e-05
98,45,689.0,689,701.4263000000007,2.8404856548401267,1.0,0.147892272,3.6616298984034826e-05,3.6616298984034826e-05,6.4248e-05,3.784e-05,4.4466e-05
99,45,345.0,345,354.9410400000004,0.9559428659598409,1.0,0.079867087,3.671171014492753e-05,3.671171014492753e-05,5.963e-05,3.769e-05,4.5117e-05
100,45,422.0,422,427.3847300000001,1.3356526562576856,1.0,0.095204497,3.63712511848341e-05,3.63712511848341e-05,5.9571e-05,3.7487e-05,4.5812e-05
101,50,222.0,222,225.31367999999998,0.11550813682339589,1.0,0.047823613,3.794866216216216e-05,3.794866216216216e-05,6.0688e-05,4.0409e-05,4.543e-05
102,50,507.0,507,522.3257700000005,1.575431164976261,1.0,0.105880973,3.6251978303747524e-05,3.6251978303747524e-05,6.0006e-05,3.7559e-05,4.4516e-05
103,50,5227.0,5227,5357.0619399999805,25.423310348229162,1.0,1.099920468,3.7184403481920694e-05,3.7184403481920694e-05,0.008984478,3.4019e-05,4.0086e-05
104,50,4284.0,4284,4388.795129999986,20.799445327478747,1.0,0.976689884,3.552466993464052e-05,3.552466993464052e-05,0.004783927,3.5643e-05,4.0421e-05
105,50,4386.0,4386,4484.167769999988,21.159905957352123,1.0,0.9271996,3.758326402188789e-05,3.758326402188789e-05,0.004773976,3.6923e-05,4.1653e-05
106,50,1527.0,1527,1548.1247099999973,6.688533733952459,1.0,0.360726487,3.7205140798952155e-05,3.7205140798952155e-05,6.3401e-05,3.8054e-05,4.5268e-05
107,50,387.0,387,409.36734,1.0075686570677547,1.0,0.087485131,3.7236560723514225e-05,3.7236560723514225e-05,5.849e-05,3.7851e-05,4.6035e-05
108,50,4528.0,4528,4638.179859999985,21.86946891440792,1.0,0.985157188,3.728118992932865e-05,3.728118992932865e-05,0.0090075,3.5769e-05,4.0848e-05
109,50,1534.0,1534,1567.5510099999979,6.727979106788065,1.0,0.347497209,4.029250977835724e-05,4.029250977835724e-05,0.004101488,3.8075e-05,4.5527e-05
110,50,5164.0,5164,5271.6945999999825,25.1810960740979,1.0,1.128075198,3.653194461657632e-05,3.653194461657632e-05,0.004849041,3.7268e-05,4.1397e-05
111,55,240.0,240,248.69840999999994,0.11511949386613073,1.0,0.050875118,3.882371249999999e-05,3.882371249999999e-05,6.3138e-05,4.1044e-05,4.9413e-05
112,55,32552.0,32552,33269.41171999928,149.50354990183072,1.0,7.132955874,3.963000884738252e-05,3.963000884738252e-05,0.015960511,3.3746e-05,4.0364e-05
113,55,306.0,306,313.45578000000023,0.4151694153871168,1.0,0.064504595,3.7557911764705856e-05,3.7557911764705856e-05,5.9224e-05,3.883e-05,4.3198e-05
114,55,712.0,712,738.0952300000007,2.3306043499842093,1.0,0.158283473,3.523421207865166e-05,3.523421207865166e-05,5.9003e-05,3.7157e-05,4.3092e-05
115,55,4404.0,4404,4506.724079999985,19.257853174389062,1.0,0.942868395,3.8078014759309704e-05,3.8078014759309704e-05,0.009216549,3.5512e-05,4.0796e-05
116,55,2312.0,2312,2344.3083799999977,9.577099711243449,1.0,0.499677679,3.6073563148788884e-05,3.6073563148788884e-05,9.5331e-05,3.7345e-05,4.3544e-05
117,55,32008.0,32008,32727.89697999927,145.72633972042317,1.0,7.472042269,3.985317151961982e-05,3.985317151961982e-05,0.016541214,3.3183e-05,3.9825e-05
118,55,527.0,527,545.6394500000001,1.4672375358347582,1.0,0.118010571,3.646403225806453e-05,3.646403225806453e-05,5.8418e-05,3.771e-05,4.3796e-05
119,55,2246.0,2246,2291.5630999999967,9.391304012660566,1.0,0.511320753,3.525936642920751e-05,3.525936642920751e-05,0.000104461,3.6726e-05,4.1526e-05
120,55,762.0,762,781.8820800000004,2.512340326130903,1.0,0.162730784,3.6048296587926484e-05,3.6048296587926484e-05,6.1195e-05,3.8119e-05,4.2885e-05
121,60,3583.0,3583,3673.297779999987,14.299351423394853,1.0,0.818122059,3.8988976276862954e-05,3.8988976276862954e-05,0.005161345,3.7549e-05,4.2858e-05
122,60,568.0,568,585.3968200000008,1.401312730226189,1.0,0.119442571,3.4588521126760513e-05,3.4588521126760513e-05,5.8144e-05,3.6096e-05,4.2753e-05
123,60,2963.0,2963,3023.474659999994,11.41321621388598,1.0,0.699423793,4.0455342558217975e-05,4.0455342558217975e-05,0.00919122,3.8022e-05,4.3252e-05
124,60,1621.0,1621,1674.433089999999,5.873755490603367,1.0,0.353187247,3.8244113510178926e-05,3.8244113510178926e-05,7.1754e-05,3.8639e-05,4.598e-05
125,60,2012.0,2012,2046.3794299999972,7.44721235887803,1.0,0.431361107,3.8350625745526796e-05,3.8350625745526796e-05,0.00407803,3.7409e-05,4.3993e-05
126,60,2801.0,2801,2855.261509999991,10.787641696769496,1.0,0.598067001,3.551691610139245e-05,3.551691610139245e-05,8.5389e-05,3.6853e-05,4.1888e-05
127,60,2948.0,2948,3010.5457099999953,11.472845240462677,1.0,0.651584598,4.1479172320217103e-05,4.1479172320217103e-05,0.009223844,3.7463e-05,4.4209e-05
128,60,2698.0,2698,2755.160979999996,10.462261948345853,1.0,0.568571132,3.63749962935508e-05,3.63749962935508e-05,9.1598e-05,3.7062e-05,4.368e-05
129,60,787.0,787,807.710500000001,2.3136569135843033,1.0,0.162744095,3.6498698856416735e-05,3.6498698856416735e-05,5.8287e-05,3.751e-05,4.4108e-05
130,60,5060.0,5060,5158.9961899999835,20.395525930533886,1.0,1.118532418,3.791293083003948e-05,3.791293083003948e-05,0.005141117,3.8096e-05,4.0873e-05
131,65,1317.0,1317,1339.7815500000002,4.088499445491006,1.0,0.287587603,4.0580585421412296e-05,4.0580585421412296e-05,0.00404654,3.8271e-05,4.6415e-05
132,65,790.0,790,801.5978800000006,2.077529216640818,1.0,0.164848919,3.7209564556962054e-05,3.7209564556962054e-05,5.7094e-05,3.7223e-05,4.5255e-05
133,65,3744.0,3744,3834.2977799999853,13.54694298906213,1.0,0.81037595,3.8993696581196544e-05,3.8993696581196544e-05,0.004949812,3.8028e-05,4.3332e-05
134,65,3847.0,3847,3946.410399999984,13.995840663912968,1.0,0.87138389,3.8953466597348525e-05,3.8953466597348525e-05,0.009182142,3.7273e-05,4.1342e-05
135,65,2475.0,2475,2546.658329999989,8.675900583595453,1.0,0.522637201,3.658814343434343e-05,3.658814343434343e-05,9.2416e-05,3.7254e-05,4.4276e-05
136,65,4524.0,4524,4628.795129999983,16.630885811250838,1.0,1.063172787,3.9078512378426174e-05,3.9078512378426174e-05,0.009122894,3.8001e-05,4.1375e-05
137,65,611.0,611,631.2962900000003,1.4033909216542506,1.0,0.1394578,3.69531734860884e-05,3.69531734860884e-05,6.0192e-05,3.81e-05,4.4801e-05
138,65,3355.0,3355,3418.374129999991,12.043097530171703,1.0,0.716001128,4.175236095380015e-05,4.175236095380015e-05,0.009239274,3.8492e-05,4.4347e-05
139,65,29980.0,29980,30625.339179999406,116.33306966729272,1.0,6.4820377,3.709242434956646e-05,3.709242434956646e-05,0.010663419,3.4393e-05,4.1356e-05
140,65,1391.0,1391,1434.0778400000006,4.446016876419345,1.0,0.304039063,3.8339710999281104e-05,3.8339710999281104e-05,7.2263e-05,3.8594e-05,4.7105e-05
141,70,1336.0,1336,1365.408909999999,3.8302111213700214,1.0,0.282795115,3.665155988023952e-05,3.665155988023952e-05,6.6537e-05,3.732e-05,4.5167e-05
142,70,2232.0,2232,2306.972009999994,7.192081282624885,1.0,0.53782568,3.976411603942647e-05,3.976411603942647e-05,0.004053976,3.8605e-05,4.5976e-05
143,70,793.0,793,811.6394500000009,1.8764506480205019,1.0,0.195566358,3.733486759142499e-05,3.733486759142499e-05,6.0109e-05,3.8576e-05,4.453e-05
144,70,2898.0,2898,2960.959919999994,9.551868857132652,1.0,0.693272748,3.912968322981362e-05,3.912968322981362e-05,0.004061265,3.8497e-05,4.483e-05
145,70,2119.0,2119,2184.4451799999947,6.705002222143821,1.0,0.463909805,3.9399691835771594e-05,3.9399691835771594e-05,0.004037227,3.8072e-05,4.5255e-05
146,70,3923.0,3923,3998.800429999986,13.196202193261122,1.0,0.911526479,3.936932628090761e-05,3.936932628090761e-05,0.009238197,3.7884e-05,4.2153e-05
147,70,2707.0,2707,2769.131499999996,8.86221160900626,1.0,0.59468611,3.864719431104547e-05,3.864719431104547e-05,0.004071658,3.7765e-05,4.4786e-05
148,70,1028.0,1028,1049.9531299999999,2.7426280481501677,1.0,0.220073975,3.786832684824898e-05,3.786832684824898e-05,6.656e-05,3.8036e-05,4.603e-05
149,70,686.0,686,702.5684000000008,1.4893910886703896,1.0,0.146973369,3.529182944606413e-05,3.529182944606413e-05,5.9221e-05,3.6965e-05,4.2462e-05
150,70,1418.0,1418,1462.3204699999997,4.184540797152318,1.0,0.317820393,4.0498893511988706e-05,4.0498893511988706e-05,0.003907282,3.798e-05,4.6127e-05
151,75,394.0,394,401.04157000000026,0.31985390962077137,1.0,0.084313298,3.6850733502538074e-05,3.6850733502538074e-05,6.0261e-05,3.7853e-05,4.7106e-05
152,75,742.0,742,758.9826100000009,1.5201386938143986,1.0,0.175560774,3.807416576819402e-05,3.807416576819402e-05,6.0199e-05,3.8755e-05,4.7011e-05
153,75,4323.0,4323,4414.126199999988,13.6873656996263,1.0,0.922494677,3.692164908628259e-05,3.692164908628259e-05,0.008930369,3.6498e-05,4.031e-05
154,75,3224.0,3224,3296.486749999993,9.949382361342675,1.0,0.769122516,4.0252666873449054e-05,4.0252666873449054e-05,0.009300292,3.8048e-05,4.3391e-05
155,75,2532.0,2532,2604.0725399999933,7.644568547128826,1.0,0.546691349,3.722098025276463e-05,3.722098025276463e-05,0.000215119,3.798e-05,4.4521e-05
156,75,5379.0,5379,5469.29777999999,17.07799252327796,1.0,1.170081155,3.7699004461796004e-05,3.7699004461796004e-05,0.005081478,3.7597e-05,4.253e-05
157,75,5224.0,5224,5313.46935999999,16.635379693059285,1.0,1.106032555,3.8527087289433486e-05,3.8527087289433486e-05,0.009297085,3.7763e-05,4.0934e-05
158,75,29944.0,29944,30594.723909999415,100.53363436941854,1.0,6.61129859,4.051174235239094e-05,4.051174235239094e-05,0.016661228,3.4464e-05,4.0613e-05
159,75,2961.0,2961,3034.315169999993,9.037131444978458,1.0,0.636878982,3.7359568726781414e-05,3.7359568726781414e-05,0.000153053,3.8045e-05,4.3702e-05
160,75,2986.0,2986,3056.8299099999936,9.095811210706032,1.0,0.643780051,3.827724112525119e-05,3.827724112525119e-05,0.004123733,3.7662e-05,4.3862e-05
161,80,6001.0,6001,6117.807219999983,18.0919557856565,1.0,1.303096484,3.59494010998166e-05,3.59494010998166e-05,0.000373722,3.7595e-05,4.2346e-05
162,80,1921.0,1921,1983.959919999995,5.132607709189809,1.0,0.4056391,3.670211920874542e-05,3.670211920874542e-05,9.8683e-05,3.7368e-05,4.4682e-05
163,80,2502.0,2502,2555.0188799999974,6.940216917043207,1.0,0.587176547,3.735098721023191e-05,3.735098721023191e-05,0.000112839,3.7989e-05,4.5384e-05
164,80,5510.0,5510,5636.3340499999795,16.515348483812563,1.0,1.199042474,3.7949608529945684e-05,3.7949608529945684e-05,0.009140193,3.7335e-05,4.0682e-05
165,80,4610.0,4610,4671.303079999992,13.574593866025998,1.0,1.051627068,3.768023904555325e-05,3.768023904555325e-05,0.009041778,3.6613e-05,4.0549e-05
166,80,3276.0,3276,3358.42778999999,9.455616889990255,1.0,0.75936605,3.8758003968253966e-05,3.8758003968253966e-05,0.009117727,3.7289e-05,4.1684e-05
167,80,4221.0,4221,4283.959919999992,12.308604447426767,1.0,0.926360754,3.834274366263917e-05,3.834274366263917e-05,0.009167797,3.802e-05,4.0931e-05
168,80,4073.0,4073,4138.030969999993,11.918871995479343,1.0,0.866796748,3.6383325313037156e-05,3.6383325313037156e-05,0.000167254,3.7765e-05,4.3583e-05
169,80,5594.0,5594,5703.765649999981,16.706024610646967,1.0,1.175187794,3.8125725777618985e-05,3.8125725777618985e-05,0.009040539,3.7856e-05,4.1222e-05
170,80,3298.0,3298,3371.7293799999907,9.423300915048815,1.0,0.699232465,3.9678905700424545e-05,3.9678905700424545e-05,0.009065124,3.7102e-05,4.1441e-05
171,85,703.0,703,714.5978800000006,1.077603277191944,1.0,0.151140741,3.737711948790899e-05,3.737711948790899e-05,5.9261e-05,3.8091e-05,4.5019e-05
172,85,1553.0,1553,1566.6689299999998,3.6015159427611394,1.0,0.369301895,3.8848862202189356e-05,3.8848862202189356e-05,0.003991789,3.7421e-05,4.2963e-05
173,85,2294.0,2294,2366.072539999989,5.935842608687974,1.0,0.50137573,3.827950610287717e-05,3.827950610287717e-05,0.004063299,3.727e-05,4.4316e-05
174,85,608.0,608,620.0120900000006,0.8069569107468142,1.0,0.128815859,3.5923097039473673e-05,3.5923097039473673e-05,5.8797e-05,3.7246e-05,4.2864e-05
175,85,5398.0,5398,5475.04305999999,14.962457353605709,1.0,1.155084174,3.5745989996294874e-05,3.5745989996294874e-05,0.004897493,3.6466e-05,4.1044e-05
176,85,2713.0,2713,2763.947829999993,7.126676908511392,1.0,0.581054442,3.589390342793942e-05,3.589390342793942e-05,9.3668e-05,3.7062e-05,4.2984e-05
177,85,4103.0,4103,4177.972009999988,11.146467993929598,1.0,0.909004806,4.012081769436999e-05,4.012081769436999e-05,0.009144424,3.8067e-05,4.1731e-05
178,85,4356.0,4356,4427.244119999988,11.942660539194156,1.0,1.044477596,3.970631611570237e-05,3.970631611570237e-05,0.009178558,3.8055e-05,4.1632e-05
179,85,1713.0,1713,1737.438389999998,4.095829601147367,1.0,0.369849183,3.774125569176877e-05,3.774125569176877e-05,0.004059722,3.7193e-05,4.154e-05
180,85,1562.0,1562,1576.4973499999996,3.6168230990898107,1.0,0.326029214,3.723608130601789e-05,3.723608130601789e-05,0.00403905,3.5745e-05,4.0728e-05
181,90,3951.0,3951,4039.2267299999885,10.139314221891256,1.0,0.922464514,3.9276061756517226e-05,3.9276061756517226e-05,0.00503324,3.7994e-05,4.4527e-05
182,90,1849.0,1849,1906.5751899999968,4.2558640338302665,1.0,0.409397397,3.9088738777717654e-05,3.9088738777717654e-05,0.003862814,3.7579e-05,4.4815e-05
183,90,1833.0,1833,1886.8472999999972,4.207423179462262,1.0,0.403602861,3.9507577195853856e-05,3.9507577195853856e-05,0.004025505,3.8022e-05,4.534e-05
184,90,1858.0,1858,1910.604669999997,4.27652872864855,1.0,0.432458108,3.8743701829924646e-05,3.8743701829924646e-05,0.004015483,3.738e-05,4.383e-05
185,90,4028.0,4028,4107.528319999987,10.381536739319541,1.0,0.928426301,3.9918822740814245e-05,3.9918822740814245e-05,0.009160859,3.7855e-05,4.1598e-05
186,90,4986.0,4986,5092.037759999983,13.113421398360236,1.0,1.065382711,3.9834121339751355e-05,3.9834121339751355e-05,0.009154739,3.8115e-05,4.1605e-05
187,90,4838.0,4838,4928.711989999984,12.57525075330652,1.0,1.023841394,3.922549586606028e-05,3.922549586606028e-05,0.009174524,3.8237e-05,4.1147e-05
188,90,3789.0,3789,3852.374129999991,9.660175244894546,1.0,0.806863609,3.843919292689364e-05,3.843919292689364e-05,0.009222234,3.7805e-05,4.1277e-05
189,90,4522.0,4522,4609.398309999986,11.682310160104073,1.0,1.08703186,4.03512206988058e-05,4.03512206988058e-05,0.009201049,3.8945e-05,4.2749e-05
190,90,4830.0,4830,4926.096719999985,12.662690493161813,1.0,1.021524432,3.709294886128369e-05,3.709294886128369e-05,0.004898823,3.7577e-05,4.2918e-05
191,95,1721.0,1721,1788.9304399999976,3.701772603027748,1.0,0.394898741,3.9598788495060974e-05,3.9598788495060974e-05,0.004087588,3.7754e-05,4.5203e-05
192,95,5221.0,5221,5342.777739999979,12.942239567023597,1.0,1.195806265,3.6643487837578976e-05,3.6643487837578976e-05,0.004062491,3.7499e-05,4.0827e-05
193,95,5090.0,5090,5213.434579999978,12.610785850975175,1.0,1.064176256,3.618567622789779e-05,3.618567622789779e-05,0.000298452,3.7601e-05,4.3022e-05
194,95,3934.0,3934,4008.5577999999887,9.529633589270064,1.0,0.866849235,3.6717754702592786e-05,3.6717754702592786e-05,0.004148736,3.7669e-05,4.1668e-05
195,95,5772.0,5772,5924.015069999977,14.540112143501648,1.0,1.261338385,3.656259147609139e-05,3.656259147609139e-05,0.008879907,3.6397e-05,3.964e-05
196,95,3871.0,3871,3942.2441199999894,9.363962668910009,1.0,0.901513563,3.69832696977525e-05,3.69832696977525e-05,0.004840212,3.742e-05,4.2139e-05
197,95,4114.0,4114,4186.072539999988,10.000030324450568,1.0,0.936420158,3.8499374331550815e-05,3.8499374331550815e-05,0.009139522,3.7505e-05,4.0375e-05
198,95,31938.0,31938,32720.028479999364,84.81649784016263,1.0,6.940840334,3.823403675871989e-05,3.823403675871989e-05,0.017321878,3.3281e-05,3.976e-05
199,95,7951.0,7951,8144.0218599999625,20.317364182003217,1.0,1.690635795,3.749078619041634e-05,3.749078619041634e-05,0.010315484,3.5178e-05,3.926e-05
200,95,3822.0,3822,3892.4156999999896,9.155567354329326,1.0,0.894295491,3.8329908948194576e-05,3.8329908948194576e-05,0.005027832,3.7402e-05,4.2425e-05
201,100,2066.0,2066,2131.8593899999946,4.298124633431072,1.0,0.44128966,3.830576524685381e-05,3.830576524685381e-05,0.004121952,3.7106e-05,4.4276e-05
202,100,8554.0,8554,8750.335539999978,20.7743161011782,1.0,1.94964941,3.700152969371058e-05,3.700152969371058e-05,0.010526358,3.5039e-05,3.9409e-05
203,100,3889.0,3889,3958.17306999999,8.851985419300858,1.0,0.877976365,3.5231766263821026e-05,3.5231766263821026e-05,0.000183302,3.6821e-05,4.1776e-05
204,100,3746.0,3746,3814.34464999999,8.448627174610385,1.0,0.873462057,3.882388681260003e-05,3.882388681260003e-05,0.009175329,3.8199e-05,4.1725e-05
205,100,3610.0,3610,3684.55779999999,8.138764171745033,1.0,0.828704689,3.827612991689752e-05,3.827612991689752e-05,0.009155775,3.7266e-05,4.1294e-05
206,100,8559.0,8559,8762.791319999977,20.833290943067087,1.0,1.879878485,3.661847271877555e-05,3.661847271877555e-05,0.005776585,3.6244e-05,4.1367e-05
207,100,3962.0,3962,4030.75885999999,9.055880360047475,1.0,0.853423333,3.7769222110045495e-05,3.7769222110045495e-05,0.005045037,3.7349e-05,4.1914e-05
208,100,4590.0,4590,4704.32195999998,10.713307438337491,1.0,0.993714991,3.63478429193899e-05,3.63478429193899e-05,0.000193535,3.7932e-05,4.3252e-05
209,100,4063.0,4063,4166.966709999982,9.371677676446826,1.0,0.883940674,3.884063622938704e-05,3.884063622938704e-05,0.009177109,3.7312e-05,4.1273e-05
210,100,4111.0,4111,4211.238819999983,9.492684240687637,1.0,0.948598724,3.890959644855266e-05,3.890959644855266e-05,0.009059681,3.7376e-05,4.1466e-05
211,105,5200.0,5200,5276.628849999988,11.531595640588385,1.0,1.104196807,3.6894406346153716e-05,3.6894406346153716e-05,0.008989652,3.5373e-05,3.949e-05
212,105,27252.0,27252,27880.77077999988,64.83074971311969,1.0,6.308247699,4.010165951122864e-05,4.010165951122864e-05,0.016708821,3.3468e-05,3.9551e-05
213,105,32251.0,32251,33052.49634999956,77.52926473173663,1.0,7.698461536,3.959569802486751e-05,3.959569802486751e-05,0.016812828,3.4255e-05,4.0842e-05
214,105,8229.0,8229,8451.016559999976,18.93935522230291,1.0,1.865417747,3.785509235630079e-05,3.785509235630079e-05,0.010562522,3.5672e-05,3.9589e-05
215,105,32965.0,32965,33802.11840999963,78.81195406613973,1.0,7.596145333,3.925797718792707e-05,3.925797718792707e-05,0.016734328,3.3676e-05,4.0294e-05
216,105,4386.0,4386,4478.783039999987,9.604434805256272,1.0,0.983859561,3.716799999999994e-05,3.716799999999994e-05,0.005009956,3.6739e-05,4.1622e-05
217,105,4349.0,4349,4429.770949999986,9.473856446365376,1.0,0.933777498,3.883823361692341e-05,3.883823361692341e-05,0.009159078,3.8006e-05,4.1175e-05
218,105,2577.0,2577,2661.9130499999897,5.327447925209095,1.0,0.547180854,3.808271594877758e-05,3.808271594877758e-05,0.004081269,3.697e-05,4.3915e-05
219,105,6245.0,6245,6397.015069999975,14.19499060558908,1.0,1.490128215,3.7844668374699654e-05,3.7844668374699654e-05,0.009212618,3.8321e-05,4.19e-05
220,105,4120.0,4120,4197.043059999989,8.921219798740983,1.0,0.944711617,3.7524522087378635e-05,3.7524522087378635e-05,0.009238688,3.7215e-05,4.0282e-05
221,110,42461.0,42461,43364.80622000072,96.9501996056241,1.0,9.746743021,4.122043044205301e-05,4.122043044205301e-05,0.017931233,3.3684e-05,4.0808e-05
222,110,4286.0,4286,4390.795129999985,8.93536423826071,1.0,0.991627313,3.747413392440503e-05,3.747413392440503e-05,0.009411799,3.6834e-05,4.0779e-05
223,110,32296.0,32296,33092.94003999956,73.55631788944737,1.0,7.115463311,4.054875368466704e-05,4.054875368466704e-05,0.016862244,3.3908e-05,4.0721e-05
224,110,4256.0,4256,4352.925139999987,8.864337845218074,1.0,0.925067406,3.7213915648496346e-05,3.7213915648496346e-05,0.009145433,3.6776e-05,4.0324e-05
225,110,3835.0,3835,3905.8299099999895,7.848310139300101,1.0,0.927241316,3.9826196349413326e-05,3.9826196349413326e-05,0.009145149,3.7993e-05,4.2652e-05
226,110,3808.0,3808,3875.1020199999903,7.773868868642205,1.0,0.882063463,3.896131512605041e-05,3.896131512605041e-05,0.009125447,3.7287e-05,4.0855e-05
227,110,6442.0,6442,6596.0861199999745,13.92925022011071,1.0,1.394616454,3.872535641105237e-05,3.872535641105237e-05,0.00913497,3.7946e-05,4.1227e-05
228,110,6173.0,6173,6323.772439999975,13.283812767802836,1.0,1.485960438,3.76970311031914e-05,3.76970311031914e-05,0.009116924,3.7428e-05,4.0952e-05
229,110,4599.0,4599,4714.97879999998,9.63587429986754,1.0,1.005890715,3.656860730593602e-05,3.656860730593602e-05,0.000206761,3.7684e-05,4.3476e-05
230,110,32337.0,32337,33182.8168199995,73.78778529298299,1.0,7.084857899,3.761372449516054e-05,3.761372449516054e-05,0.010555116,3.3646e-05,4.1149e-05
231,115,6567.0,6567,6725.642429999974,13.558739019754643,1.0,1.518959109,3.681429709151825e-05,3.681429709151825e-05,0.009101217,3.6843e-05,3.9835e-05
232,115,31145.0,31145,31895.96272999942,67.84828090632087,1.0,7.641651832,4.120468209985585e-05,4.120468209985585e-05,0.016307525,3.4429e-05,4.1334e-05
233,115,31147.0,31147,31896.720099999424,68.28346170554634,1.0,7.209524728,3.933031515073719e-05,3.933031515073719e-05,0.016312843,3.3662e-05,4.0176e-05
234,115,30954.0,30954,31714.489559999496,67.73832753912068,1.0,6.585769808,3.893058632163875e-05,3.893058632163875e-05,0.01661915,3.3574e-05,3.9819e-05
235,115,6447.0,6447,6600.257699999974,13.307671647420651,1.0,1.430426943,3.710287963393819e-05,3.710287963393819e-05,0.009089966,3.7443e-05,4.0911e-05
236,115,6417.0,6417,6573.571379999974,13.243616346341302,1.0,1.480142718,3.769781876266171e-05,3.769781876266171e-05,0.009161629,3.7529e-05,4.075e-05
237,115,31329.0,31329,32067.1222199994,68.13207895604728,1.0,6.895530027,3.894498959430592e-05,3.894498959430592e-05,0.016223433,3.3525e-05,4.0044e-05
238,115,31022.0,31022,31722.429109999437,67.64915030458982,1.0,6.77706528,3.9513090903230065e-05,3.9513090903230065e-05,0.016506985,3.398e-05,4.029e-05
239,115,4515.0,4515,4641.33404999998,9.054403927889009,1.0,0.975739649,3.756318693244735e-05,3.756318693244735e-05,0.009163319,3.7241e-05,4.0611e-05
240,115,6291.0,6291,6446.328749999974,12.905506804636026,1.0,1.349091159,3.726661373390561e-05,3.726661373390561e-05,0.009124488,3.6916e-05,4.0343e-05
241,120,30918.0,30918,31630.855409999633,64.78482187832037,1.0,7.192716742,3.991429623520277e-05,3.991429623520277e-05,0.016560359,3.3865e-05,4.0213e-05
242,120,6441.0,6441,6594.257699999974,12.69782804226754,1.0,1.401209332,3.837907343580216e-05,3.837907343580216e-05,0.009208327,3.8312e-05,4.1373e-05
243,120,6166.0,6166,6323.814009999977,12.172005561399258,1.0,1.353153564,3.814580651962377e-05,3.814580651962377e-05,0.009082395,3.8008e-05,4.1165e-05
244,120,6417.0,6417,6571.914539999975,12.578476099959659,1.0,1.408777478,3.79675253233599e-05,3.79675253233599e-05,0.009088185,3.7703e-05,4.1006e-05
245,120,30906.0,30906,31608.08594999966,64.61070000747202,1.0,6.810590328,3.925427370089972e-05,3.925427370089972e-05,0.016524383,3.4414e-05,4.0624e-05
246,120,5870.0,5870,5971.895659999981,11.43712220956455,1.0,1.28733301,3.861141465076662e-05,3.861141465076662e-05,0.005284984,3.7779e-05,4.2842e-05
247,120,6264.0,6264,6396.961409999975,12.278536280077663,1.0,1.34957688,3.897713425925922e-05,3.897713425925922e-05,0.009213425,3.7944e-05,4.132e-05
248,120,6706.0,6706,6821.978799999978,13.138523139416755,1.0,1.467781809,3.775411258574424e-05,3.775411258574424e-05,0.009263763,3.7346e-05,4.1039e-05
249,120,3392.0,3392,3462.8299099999876,6.206392027836369,1.0,0.752832855,3.710692511792457e-05,3.710692511792457e-05,0.000162102,3.8061e-05,4.3384e-05
250,120,4833.0,4833,4943.59406999998,9.22288731360409,1.0,1.100436705,3.870804883095384e-05,3.870804883095384e-05,0.009213836,3.7422e-05,4.1206e-05
